S_No,symbol,entry_ts,direction,entry_price,exit_ts,exit_price,exit_reason,gross_points,cost_points,net_points,bars_held,win_lose,cum_net_points,year,period
1801,NIFTY,2025-12-31 09:15:00,Long,26018.1,2026-01-05 13:00:00,26226.75,Trail-Flat,208.65000000000146,4.913,203.737,18,Win,26674.631000000016,2026,Holdout
1802,NIFTY,2026-01-06 13:00:00,Short,26133.15,2026-01-12 14:15:00,25806.1,Trail-Flat,327.0500000000029,4.893,322.157,21,Win,26996.788000000015,2026,Holdout
1803,NIFTY,2026-01-13 11:45:00,Short,25653.0,2026-01-14 10:30:00,25761.15,Trail-Flat,-108.15000000000146,4.858,-113.008,4,Lose,26883.780000000013,2026,Holdout
1804,NIFTY,2026-01-14 13:00:00,Short,25663.2,2026-01-16 09:15:00,25857.5,SAR-Reverse,-194.29999999999927,4.865,-199.165,2,Lose,26684.615000000013,2026,Holdout
1805,NIFTY,2026-01-16 09:15:00,Long,25857.5,2026-01-16 11:45:00,25744.4,SAR-Reverse,-113.09999999999854,4.871,-117.971,2,Lose,26566.64400000001,2026,Holdout
1806,NIFTY,2026-01-16 11:45:00,Short,25744.4,2026-01-22 14:15:00,25320.45,Trail-Flat,423.9500000000007,4.835,419.115,22,Win,26985.759000000013,2026,Holdout
1807,NIFTY,2026-01-23 10:30:00,Short,25211.6,2026-01-27 14:15:00,25234.1,Trail-Flat,-22.5,4.794,-27.294,8,Lose,26958.46500000001,2026,Holdout
1808,NIFTY,2026-01-28 14:15:00,Long,25348.05,2026-01-29 09:15:00,25194.3,SAR-Reverse,-153.75,4.801,-158.551,1,Lose,26799.91400000001,2026,Holdout
1809,NIFTY,2026-01-29 09:15:00,Short,25194.3,2026-01-29 10:30:00,25269.45,Trail-Flat,-75.15000000000146,4.795,-79.945,1,Lose,26719.969000000012,2026,Holdout
1810,NIFTY,2026-01-29 11:45:00,Long,25321.8,2026-01-30 09:15:00,25279.6,SAR-Reverse,-42.20000000000073,4.805,-47.005,3,Lose,26672.96400000001,2026,Holdout
1811,NIFTY,2026-01-30 09:15:00,Short,25279.6,2026-01-30 11:45:00,25302.65,Trail-Flat,-23.05000000000291,4.803,-27.853,2,Lose,26645.11100000001,2026,Holdout
1812,NIFTY,2026-01-30 13:00:00,Long,25352.45,2026-02-01 11:45:00,25075.9,SAR-Reverse,-276.5499999999993,4.793,-281.343,4,Lose,26363.76800000001,2026,Holdout
1813,NIFTY,2026-02-01 11:45:00,Short,25075.9,2026-02-02 14:15:00,25079.9,Trail-Flat,-4.0,4.775,-8.775,7,Lose,26354.99300000001,2026,Holdout
1814,NIFTY,2026-02-03 09:15:00,Long,25771.15,2026-02-05 13:00:00,25596.95,Trail-Flat,-174.20000000000073,4.855,-179.055,13,Lose,26175.93800000001,2026,Holdout
1815,NIFTY,2026-02-05 14:15:00,Long,25641.6,2026-02-06 09:15:00,25506.65,Trail-Flat,-134.9499999999971,4.841,-139.791,1,Lose,26036.147000000008,2026,Holdout
1816,NIFTY,2026-02-06 10:30:00,Long,25623.8,2026-02-06 11:45:00,25556.7,Trail-Flat,-67.09999999999854,4.843,-71.943,1,Lose,25964.20400000001,2026,Holdout
1817,NIFTY,2026-02-06 13:00:00,Long,25612.3,2026-02-12 09:15:00,25867.2,Trail-Flat,254.90000000000146,4.863,250.037,17,Win,26214.24100000001,2026,Holdout
1818,NIFTY,2026-02-13 09:15:00,Short,25548.95,2026-02-16 14:15:00,25682.45,SAR-Reverse,-133.5,4.846,-138.346,9,Lose,26075.895000000008,2026,Holdout
1819,NIFTY,2026-02-16 14:15:00,Long,25682.45,2026-02-18 09:15:00,25665.35,SAR-Reverse,-17.100000000002183,4.854,-21.954,6,Lose,26053.941000000006,2026,Holdout
1820,NIFTY,2026-02-18 09:15:00,Short,25665.35,2026-02-18 10:30:00,25686.9,SAR-Reverse,-21.55000000000291,4.854,-26.404,1,Lose,26027.537000000008,2026,Holdout
1821,NIFTY,2026-02-18 10:30:00,Long,25686.9,2026-02-19 10:30:00,25678.9,SAR-Reverse,-8.0,4.855,-12.855,5,Lose,26014.682000000008,2026,Holdout
1822,NIFTY,2026-02-19 10:30:00,Short,25678.9,2026-02-23 09:15:00,25706.45,SAR-Reverse,-27.549999999999272,4.856,-32.406,9,Lose,25982.27600000001,2026,Holdout
1823,NIFTY,2026-02-23 09:15:00,Long,25706.45,2026-02-24 09:15:00,25495.5,SAR-Reverse,-210.95000000000073,4.844,-215.794,5,Lose,25766.482000000007,2026,Holdout
1824,NIFTY,2026-02-24 09:15:00,Short,25495.5,2026-02-25 09:15:00,25635.2,SAR-Reverse,-139.70000000000073,4.84,-144.54,5,Lose,25621.942000000006,2026,Holdout
1825,NIFTY,2026-02-25 09:15:00,Long,25635.2,2026-02-25 11:45:00,25472.2,SAR-Reverse,-163.0,4.838,-167.838,2,Lose,25454.104000000007,2026,Holdout
1826,NIFTY,2026-02-25 11:45:00,Short,25472.2,2026-02-26 09:15:00,25526.95,Trail-Flat,-54.75,4.831,-59.581,3,Lose,25394.52300000001,2026,Holdout
1827,NIFTY,2026-02-26 10:30:00,Short,25461.35,2026-03-05 14:15:00,24737.45,Trail-Flat,723.8999999999978,4.778,719.122,23,Win,26113.645000000008,2026,Holdout
1828,NIFTY,2026-03-06 09:15:00,Short,24651.75,2026-03-10 10:30:00,24250.1,Trail-Flat,401.65000000000146,4.692,396.958,11,Win,26510.603000000006,2026,Holdout
1829,NIFTY,2026-03-10 11:45:00,Short,24219.15,2026-03-10 13:00:00,24285.95,Trail-Flat,-66.79999999999927,4.666,-71.466,1,Lose,26439.137000000006,2026,Holdout
1830,NIFTY,2026-03-11 09:15:00,Short,24121.65,2026-03-16 14:15:00,23355.6,Trail-Flat,766.0500000000029,4.598,761.452,19,Win,27200.589000000007,2026,Holdout
1831,NIFTY,2026-03-18 09:15:00,Long,23722.95,2026-03-19 09:15:00,23272.4,SAR-Reverse,-450.5499999999993,4.566,-455.116,5,Lose,26745.473000000005,2026,Holdout
1832,NIFTY,2026-03-19 09:15:00,Short,23272.4,2026-03-24 11:45:00,22974.4,Trail-Flat,298.0,4.516,293.484,17,Win,27038.957000000006,2026,Holdout
1833,NIFTY,2026-03-25 09:15:00,Long,23314.55,2026-03-27 09:15:00,23006.75,SAR-Reverse,-307.7999999999993,4.521,-312.321,5,Lose,26726.636000000006,2026,Holdout
1834,NIFTY,2026-03-27 09:15:00,Short,23006.75,2026-04-01 09:15:00,22796.5,Trail-Flat,210.25,4.487,205.763,10,Win,26932.399000000005,2026,Holdout
1835,NIFTY,2026-04-01 13:00:00,Short,22753.0,2026-04-02 13:00:00,22627.25,Trail-Flat,125.75,4.459,121.291,5,Win,27053.690000000006,2026,Holdout
1836,NIFTY,2026-04-06 11:45:00,Long,22802.45,2026-04-13 09:15:00,23721.5,Trail-Flat,919.0499999999993,4.534,914.516,23,Win,27968.206000000006,2026,Holdout
1837,NIFTY,2026-04-13 13:00:00,Long,23854.5,2026-04-13 14:15:00,23818.9,Trail-Flat,-35.599999999998545,4.611,-40.211,1,Lose,27927.995000000006,2026,Holdout
1838,NIFTY,2026-04-15 09:15:00,Long,24260.1,2026-04-22 09:15:00,24373.05,Trail-Flat,112.95000000000073,4.674,108.276,25,Win,28036.271000000008,2026,Holdout
1839,NIFTY,2026-04-22 11:45:00,Long,24429.75,2026-04-22 13:00:00,24415.0,Trail-Flat,-14.75,4.688,-19.438,1,Lose,28016.83300000001,2026,Holdout
1840,NIFTY,2026-04-23 10:30:00,Short,24178.15,2026-04-27 11:45:00,24071.5,Trail-Flat,106.65000000000146,4.649,102.001,11,Win,28118.83400000001,2026,Holdout
1841,NIFTY,2026-04-28 09:15:00,Long,24166.8,2026-04-28 10:30:00,24085.4,SAR-Reverse,-81.39999999999782,4.649,-86.049,1,Lose,28032.78500000001,2026,Holdout
1842,NIFTY,2026-04-28 10:30:00,Short,24085.4,2026-04-29 09:15:00,24290.15,SAR-Reverse,-204.75,4.657,-209.407,4,Lose,27823.37800000001,2026,Holdout
1843,NIFTY,2026-04-29 09:15:00,Long,24290.15,2026-04-30 09:15:00,23827.6,SAR-Reverse,-462.5500000000029,4.64,-467.19,5,Lose,27356.188000000013,2026,Holdout
1844,NIFTY,2026-04-30 09:15:00,Short,23827.6,2026-05-04 09:15:00,24196.65,SAR-Reverse,-369.0500000000029,4.634,-373.684,5,Lose,26982.50400000001,2026,Holdout
1845,NIFTY,2026-05-04 09:15:00,Long,24196.65,2026-05-05 09:15:00,23954.4,SAR-Reverse,-242.25,4.642,-246.892,5,Lose,26735.612000000012,2026,Holdout
1846,NIFTY,2026-05-05 09:15:00,Short,23954.4,2026-05-05 14:15:00,24052.15,Trail-Flat,-97.75,4.633,-102.383,4,Lose,26633.22900000001,2026,Holdout
1847,NIFTY,2026-05-06 09:15:00,Long,24136.4,2026-05-06 11:45:00,24023.1,SAR-Reverse,-113.30000000000291,4.643,-117.943,2,Lose,26515.28600000001,2026,Holdout
1848,NIFTY,2026-05-06 11:45:00,Short,24023.1,2026-05-06 13:00:00,24133.35,SAR-Reverse,-110.25,4.643,-114.893,1,Lose,26400.39300000001,2026,Holdout
1849,NIFTY,2026-05-06 13:00:00,Long,24133.35,2026-05-08 10:30:00,24199.45,Trail-Flat,66.10000000000218,4.654,61.446,8,Win,26461.83900000001,2026,Holdout
1850,NIFTY,2026-05-08 11:45:00,Short,24163.4,2026-05-14 10:30:00,23668.6,Trail-Flat,494.8000000000029,4.621,490.179,19,Win,26952.01800000001,2026,Holdout
1851,NIFTY,2026-05-15 09:15:00,Long,23828.15,2026-05-15 14:15:00,23659.35,SAR-Reverse,-168.8000000000029,4.598,-173.398,4,Lose,26778.62000000001,2026,Holdout
1852,NIFTY,2026-05-15 14:15:00,Short,23659.35,2026-05-18 11:45:00,23636.9,Trail-Flat,22.44999999999709,4.586,17.864,3,Win,26796.48400000001,2026,Holdout
1853,NIFTY,2026-05-18 13:00:00,Short,23624.85,2026-05-18 14:15:00,23644.45,Trail-Flat,-19.600000000002183,4.584,-24.184,1,Lose,26772.30000000001,2026,Holdout
1854,NIFTY,2026-05-19 09:15:00,Long,23751.05,2026-05-19 14:15:00,23606.2,SAR-Reverse,-144.84999999999854,4.59,-149.44,4,Lose,26622.86000000001,2026,Holdout
1855,NIFTY,2026-05-19 14:15:00,Short,23606.2,2026-05-20 13:00:00,23651.95,Trail-Flat,-45.75,4.583,-50.333,4,Lose,26572.527000000013,2026,Holdout
1856,NIFTY,2026-05-21 09:15:00,Long,23780.0,2026-05-21 11:45:00,23624.2,SAR-Reverse,-155.79999999999927,4.593,-160.393,2,Lose,26412.134000000013,2026,Holdout
1857,NIFTY,2026-05-21 11:45:00,Short,23624.2,2026-05-22 09:15:00,23761.45,SAR-Reverse,-137.25,4.592,-141.842,3,Lose,26270.292000000012,2026,Holdout
1858,NIFTY,2026-05-22 09:15:00,Long,23761.45,2026-05-26 13:00:00,23924.2,Trail-Flat,162.75,4.611,158.139,13,Win,26428.43100000001,2026,Holdout
1859,NIFTY,2026-05-26 14:15:00,Long,23933.75,2026-05-27 11:45:00,23905.25,Trail-Flat,-28.5,4.622,-33.122,3,Lose,26395.309000000012,2026,Holdout
1860,NIFTY,2026-05-29 11:45:00,Short,23837.55,2026-06-04 09:15:00,23423.5,Trail-Flat,414.0499999999993,4.583,409.467,18,Win,26804.776000000013,2026,Holdout
1861,NIFTY,2026-06-04 11:45:00,Short,23415.9,2026-06-04 14:15:00,23438.0,Trail-Flat,-22.099999999998545,4.556,-26.656,2,Lose,26778.120000000014,2026,Holdout
1862,NIFTY,2026-06-05 10:30:00,Short,23422.8,2026-06-09 14:15:00,23257.75,Trail-Flat,165.04999999999927,4.545,160.505,13,Win,26938.625000000015,2026,Holdout
1863,NIFTY,2026-06-10 10:30:00,Long,23406.0,2026-06-10 14:15:00,23216.1,SAR-Reverse,-189.90000000000146,4.541,-194.441,3,Lose,26744.184000000016,2026,Holdout
1864,NIFTY,2026-06-10 14:15:00,Short,23216.1,2026-06-11 11:45:00,23306.75,Trail-Flat,-90.65000000000146,4.534,-95.184,3,Lose,26649.000000000015,2026,Holdout
1865,NIFTY,2026-06-11 13:00:00,Short,23218.75,2026-06-12 09:15:00,23345.85,SAR-Reverse,-127.09999999999854,4.537,-131.637,2,Lose,26517.363000000016,2026,Holdout
1866,NIFTY,2026-06-12 09:15:00,Long,23345.85,2026-06-19 09:15:00,23966.75,Trail-Flat,620.9000000000015,4.587,616.313,25,Win,27133.676000000014,2026,Holdout
1867,NIFTY,2026-06-19 14:15:00,Long,24042.7,2026-06-23 11:45:00,23930.65,SAR-Reverse,-112.04999999999927,4.63,-116.68,8,Lose,27016.996000000014,2026,Holdout
1868,NIFTY,2026-06-23 11:45:00,Short,23930.65,2026-06-24 10:30:00,24006.9,SAR-Reverse,-76.25,4.628,-80.878,4,Lose,26936.118000000013,2026,Holdout
1869,NIFTY,2026-06-24 10:30:00,Long,24006.9,2026-06-25 14:15:00,24052.95,Trail-Flat,46.04999999999927,4.636,41.414,8,Win,26977.532000000014,2026,Holdout
1870,NIFTY,2026-06-29 09:15:00,Long,24112.15,2026-06-29 10:30:00,24031.6,Trail-Flat,-80.55000000000291,4.642,-85.192,1,Lose,26892.340000000015,2026,Holdout
1871,NIFTY,2026-06-29 11:45:00,Short,23963.3,2026-07-01 09:15:00,23997.2,SAR-Reverse,-33.900000000001455,4.63,-38.53,8,Lose,26853.810000000016,2026,Holdout
1872,NIFTY,2026-07-01 09:15:00,Long,23997.2,2026-07-01 14:15:00,23987.95,SAR-Reverse,-9.25,4.631,-13.881,4,Lose,26839.929000000015,2026,Holdout
1873,NIFTY,2026-07-01 14:15:00,Short,23987.95,2026-07-02 09:15:00,24107.1,SAR-Reverse,-119.14999999999782,4.639,-123.789,1,Lose,26716.140000000014,2026,Holdout
1874,NIFTY,2026-07-02 09:15:00,Long,24107.1,2026-07-07 14:15:00,24355.1,Trail-Flat,248.0,4.663,243.337,19,Win,26959.477000000014,2026,Holdout
1875,NIFTY,2026-07-08 09:15:00,Short,24245.2,2026-07-10 09:15:00,24203.3,SAR-Reverse,41.900000000001455,4.662,37.238,10,Win,26996.715000000015,2026,Holdout
1876,NIFTY,2026-07-10 09:15:00,Long,24203.3,2026-07-13 09:15:00,24145.8,SAR-Reverse,-57.5,4.655,-62.155,5,Lose,26934.560000000016,2026,Holdout
1877,NIFTY,2026-07-13 09:15:00,Short,24145.8,2026-07-13 11:45:00,24223.75,SAR-Reverse,-77.95000000000073,4.657,-82.607,2,Lose,26851.953000000016,2026,Holdout
1878,NIFTY,2026-07-13 11:45:00,Long,24223.75,2026-07-14 09:15:00,24086.55,SAR-Reverse,-137.20000000000073,4.653,-141.853,3,Lose,26710.100000000017,2026,Holdout
1879,NIFTY,2026-07-14 09:15:00,Short,24086.55,2026-07-15 09:15:00,24204.95,SAR-Reverse,-118.40000000000146,4.652,-123.052,5,Lose,26587.048000000017,2026,Holdout
1880,NIFTY,2026-07-15 09:15:00,Long,24204.95,2026-07-15 11:45:00,24054.0,SAR-Reverse,-150.95000000000073,4.649,-155.599,2,Lose,26431.44900000002,2026,Holdout
1881,NIFTY,2026-07-15 11:45:00,Short,24054.0,2026-07-16 09:15:00,24123.5,Trail-Flat,-69.5,4.644,-74.144,3,Lose,26357.30500000002,2026,Holdout
1882,NIFTY,2026-07-16 10:30:00,Long,24149.5,2026-07-16 13:00:00,24094.15,SAR-Reverse,-55.349999999998545,4.648,-59.998,2,Lose,26297.30700000002,2026,Holdout
1883,NIFTY,2026-07-16 13:00:00,Short,24094.15,2026-07-17 09:15:00,24281.55,SAR-Reverse,-187.39999999999782,4.657,-192.057,2,Lose,26105.25000000002,2026,Holdout
1884,NIFTY,2026-07-17 09:15:00,Long,24281.55,2026-07-20 10:30:00,24196.25,Trail-Flat,-85.29999999999927,4.664,-89.964,6,Lose,26015.28600000002,2026,Holdout
1885,NIFTY,2026-07-20 13:00:00,Long,24250.9,2026-07-21 09:15:00,24199.6,Trail-Flat,-51.30000000000291,4.662,-55.962,2,Lose,25959.32400000002,2026,Holdout
1886,NIFTY,2026-07-21 10:30:00,Short,24161.65,2026-07-27 09:15:00,23915.2,Trail-Flat,246.45000000000073,4.637,241.813,19,Win,26201.137000000017,2026,Holdout
1887,NIFTY,2026-07-27 13:00:00,Long,23995.9,2026-08-04 11:45:00,24491.75,Trail-Flat,495.84999999999854,4.665,491.185,29,Win,26692.32200000002,2026,Holdout
1888,NIFTY,2026-08-04 14:15:00,Long,24614.9,2026-08-05 11:45:00,24516.1,Trail-Flat,-98.80000000000291,4.707,-103.507,3,Lose,26588.815000000017,2026,Holdout
1889,NIFTY,2026-08-05 14:15:00,Long,24624.65,2026-08-07 09:15:00,24566.55,Trail-Flat,-58.10000000000218,4.711,-62.811,6,Lose,26526.004000000015,2026,Holdout
1890,NIFTY,2026-08-10 09:15:00,Long,24594.8,2026-08-10 14:15:00,24583.8,End-of-Data,-11.0,4.71,-15.71,4,Lose,26510.294000000016,2026,Holdout
